first_name,last_name,email,course
,,,
Abel,Perkins,sed@ipsumSuspendissesagittis.ca,1
Alexandra,Arnold,lobortis.ultrices@SednequeSed.com,1
Hollee,Dyer,ultrices.posuere@maurissapien.edu,1
Miranda,Flores,libero.dui.nec@ettristiquepellentesque.org,1
Gavin,Johnson,metus.vitae.velit@at.com,1
Noah,Reilly,nisi.Aenean.eget@turpisNullaaliquet.ca,1
Tara,Reed,In@enim.com,1
Kameko,Henson,lorem@ipsumnonarcu.org,1
Simon,Nunez,purus@Pellentesquehabitantmorbi.com,1
Sage,Church,vitae.erat.vel@Etiam.com,1
Benjamin,Juarez,Curabitur.ut.odio@Phasellusataugue.org,1
Emerson,Kelly,iaculis@ipsumdolor.ca,1
Amy,Small,ut.mi.Duis@utlacusNulla.com,1
Madaline,Alston,varius@ipsumCurabitur.ca,1
Jonah,Powell,Nam.interdum.enim@sedsem.org,1
Clementine,Farrell,augue.ut@odiovel.com,1
Xena,Welch,lectus@semper.edu,1
Brenna,Koch,at.libero@augueutlacus.org,1
Jemima,Horn,commodo.at.libero@placerat.ca,2
Cody,Myers,Vivamus@ametdapibusid.org,2
Walker,Carr,cursus.et.eros@sagittisDuis.ca,2
Rigel,Hines,Cum@orciUt.org,2
Abigail,Mcknight,Curabitur.consequat.lectus@et.org,2
Patience,Burton,enim.gravida.sit@nonmagna.com,2
Sybill,Gregory,lobortis@maurisblandit.com,2
Xantha,Ferguson,luctus@mifelis.ca,2
Axel,Conner,vestibulum@risusDonec.org,2
Xerxes,Stephens,Quisque.varius@rhoncus.ca,2
Sandra,Lee,ut.sem@vestibulum.com,2
Rachel,Adams,ac.mattis.semper@liberoInteger.org,2
Colby,Leblanc,id@eros.com,2
Christen,Mejia,in.hendrerit@Classaptenttaciti.org,2
Mariko,Cortez,sed@sodalesnisi.edu,2
Hiram,Carlson,ultrices.posuere.cubilia@Nullamvelitdui.com,2
Byron,Owen,libero@Quisquepurus.edu,2
Heidi,Carter,dictum@atvelitCras.edu,2
Ursa,Leblanc,laoreet@nisl.edu,2
Dara,Singleton,ut.eros@Curae.com,2
